{
  "type": "minecraft:block",
  "pools": [
    {
      "rolls": 1,
      "bonus_rolls": 0,
      "entries": [
        {
          "type": "minecraft:item",
          "name": "minecraft:knowledge_book",
          "functions": [
            {
              "function": "minecraft:set_custom_data",
              "tag": {
                "timberstrike": true
              }
            }
          ],
          "conditions": [
            {
              "condition": "minecraft:match_tool",
              "predicate": {
                "items": "#minecraft:axes"
              }
            },
            {
              "condition": "minecraft:value_check",
              "value": {
                "type": "minecraft:score",
                "target": {
                  "type": "minecraft:fixed",
                  "name": "enable_giant_mushrooms"
                },
                "score": "ts.config"
              },
              "range": 1
            },
            {
              "condition": "minecraft:inverted",
              "term": {
                "condition": "minecraft:reference",
                "name": "timberstrike:shift"
              }
            }
          ]
        }
      ]
    },
    {
      "bonus_rolls": 0,
      "conditions": [
        {
          "condition": "minecraft:match_tool",
          "predicate": {
            "predicates": {
              "minecraft:enchantments": [
                {
                  "enchantments": "minecraft:silk_touch",
                  "levels": {
                    "min": 1
                  }
                }
              ]
            }
          }
        }
      ],
      "entries": [
        {
          "type": "minecraft:item",
          "name": "minecraft:mushroom_stem"
        }
      ],
      "rolls": 1
    }
  ],
  "random_sequence": "minecraft:blocks/mushroom_stem"
}