{
  "anvil_cost": 8,
  "description": {
    "translate": "enchantment.minecraft.soul_speed"
  },
  "effects": {
    "minecraft:location_changed": [
      {
        "effect": {
          "type": "minecraft:attribute",
          "amount": {
            "type": "minecraft:linear",
            "base": 0.0405,
            "per_level_above_first": 0.0105
          },
          "attribute": "minecraft:movement_speed",
          "id": "minecraft:enchantment.soul_speed",
          "operation": "add_value"
        },
        "requirements": {
          "condition": "minecraft:all_of",
          "terms": [
            {
              "condition": "minecraft:inverted",
              "term": {
                "condition": "minecraft:entity_properties",
                "entity": "this",
                "predicate": {
                  "vehicle": {}
                }
              }
            },
            {
              "condition": "minecraft:any_of",
              "terms": [
                {
                  "condition": "minecraft:all_of",
                  "terms": [
                    {
                      "active": true,
                      "condition": "minecraft:enchantment_active_check"
                    },
                    {
                      "condition": "minecraft:entity_properties",
                      "entity": "this",
                      "predicate": {
                        "flags": {
                          "is_flying": false
                        }
                      }
                    },
                    {
                      "condition": "minecraft:any_of",
                      "terms": [
                        {
                          "condition": "minecraft:entity_properties",
                          "entity": "this",
                          "predicate": {
                            "movement_affected_by": {
                              "block": {
                                "blocks": "#minecraft:soul_speed_blocks"
                              }
                            }
                          }
                        },
                        {
                          "condition": "minecraft:entity_properties",
                          "entity": "this",
                          "predicate": {
                            "flags": {
                              "is_on_ground": false
                            }
                          }
                        }
                      ]
                    }
                  ]
                },
                {
                  "condition": "minecraft:all_of",
                  "terms": [
                    {
                      "active": false,
                      "condition": "minecraft:enchantment_active_check"
                    },
                    {
                      "condition": "minecraft:entity_properties",
                      "entity": "this",
                      "predicate": {
                        "flags": {
                          "is_flying": false
                        },
                        "movement_affected_by": {
                          "block": {
                            "blocks": "#minecraft:soul_speed_blocks"
                          }
                        }
                      }
                    }
                  ]
                }
              ]
            }
          ]
        }
      },
      {
        "effect": {
          "type": "minecraft:attribute",
          "amount": 1.0,
          "attribute": "minecraft:movement_efficiency",
          "id": "minecraft:enchantment.soul_speed",
          "operation": "add_value"
        },
        "requirements": {
          "condition": "minecraft:entity_properties",
          "entity": "this",
          "predicate": {
            "movement_affected_by": {
              "block": {
                "blocks": "#minecraft:soul_speed_blocks"
              }
            }
          }
        }
      }
    ]
  },
  "max_cost": {
    "base": 25,
    "per_level_above_first": 10
  },
  "max_level": 3,
  "min_cost": {
    "base": 10,
    "per_level_above_first": 10
  },
  "slots": [
    "feet"
  ],
  "supported_items": "#minecraft:enchantable/foot_armor",
  "weight": 1
}