{
  "anvil_cost": 2,
  "description": {
    "translate": "enchantment.minecraft.unbreaking"
  },
  "effects": {
    "minecraft:item_damage": [
      {
        "effect": {
          "type": "minecraft:remove_binomial",
          "chance": {
            "type": "minecraft:fraction",
            "denominator": {
              "type": "minecraft:linear",
              "base": 10.0,
              "per_level_above_first": 0.0
            },
            "numerator": {
              "type": "minecraft:linear",
              "base": 6.0,
              "per_level_above_first": 1.0
            }
          }
        }
      }
    ]
  },
  "max_cost": {
    "base": 55,
    "per_level_above_first": 8
  },
  "max_level": 3,
  "min_cost": {
    "base": 5,
    "per_level_above_first": 8
  },
  "slots": [
    "any"
  ],
  "supported_items": "#minecraft:enchantable/durability",
  "weight": 5
}