{
  "condition": "minecraft:any_of",
  "terms": [
    {
      "condition": "minecraft:all_of",
      "terms": [
        {
          "condition": "minecraft:value_check",
          "value": {
            "type": "minecraft:score",
            "target": {
              "type": "minecraft:fixed",
              "name": "trigger"
            },
            "score": "ts.config"
          },
          "range": 0
        },
        {
          "condition": "minecraft:entity_properties",
          "entity": "this",
          "predicate": {
            "flags": {
              "is_sneaking": true
            }
          }
        }
      ]
    },
    {
      "condition": "minecraft:all_of",
      "terms": [
        {
          "condition": "minecraft:value_check",
          "value": {
            "type": "minecraft:score",
            "target": {
              "type": "minecraft:fixed",
              "name": "trigger"
            },
            "score": "ts.config"
          },
          "range": 1
        },
        {
          "condition": "minecraft:entity_properties",
          "entity": "this",
          "predicate": {
            "flags": {
              "is_sneaking": false
            }
          }
        }
      ]
    }
  ]
}